,context?,vocab,max_len,avg accuracy,avg sender entropy,avg loss,avg mex len,mean number messages per class
0,no,2,1,0.6438815990234971,0.04478574164420494,0.7758326362337737,1.3158376563930425,2.0
1,yes,2,1,0.7125419591089411,0.061012804851815275,0.4747389237126376,1.5123588648153798,2.0
